account-contact-roles=Konto-Kontaktrollen
action.ADD_ACCOUNT=Konto hinzufügen
action.ADD_CONTACT=Kontakt hinzufügen
action.ADD_CONTACT_ROLE=Kontaktrolle hinzufügen
action.ADD_TEAM=Team hinzufügen
action.ADD_TEAM_ROLE=Teamrolle hinzufügen
action.ASSIGN_CONTACT=Kontakt zuweisen
action.ASSIGN_TEAM=Team zuweisen
aerospace-and-defense=Luft- und Raumfahrt und Verteidigung
agriculture=Landwirtschaft
are-you-sure-you-want-to-delete-this-account=Sind Sie sicher, dass Sie dieses Konto löschen möchten?
are-you-sure-you-want-to-delete-this-contact-role=Sind Sie sicher, dass Sie diese Kontaktrolle löschen möchten?
are-you-sure-you-want-to-delete-this-external-link=Sind Sie sicher, dass Sie diesen externen Link löschen möchten.
are-you-sure-you-want-to-delete-this-team=Sind Sie sicher, dass Sie dieses Team löschen wollen?
are-you-sure-you-want-to-delete-this-team-role=Sind Sie sicher, dass Sie diese Teamrolle löschen möchten?
are-you-sure-you-want-to-remove-this-address=Sind Sie sicher, dass Sie diese Adresse entfernen möchten?
are-you-sure-you-want-to-remove-this-contact=Sind Sie sicher, dass Sie diesen Kontakt entfernen möchten?
are-you-sure-you-want-to-remove-this-team=Sind Sie sicher, dass Sie dieses Team entfernen möchten?
assign-contact=Kontakt zuweisen
assign-contact-roles=Kontaktrollen zuweisen
assign-contact-roles-for-x=Kontaktrollen für {0} zuweisen
assign-contact-to-this-account=Kontakt diesem Konto zuweisen
assign-contact-to-this-team=Kontakt diesem Team zuweisen
assign-team=Team zuweisen
assign-team-roles=Teamrollen zuweisen
assign-team-roles-for-x=Teamrollen für {0} zuweisen
assign-team-to-this-account=Das Team diesem Konto zuordnen
assigned-teams=Zugewiesene Teams
automotive=Automotive
child-accounts=Untergeordnete Konten
consulting-market-research=Beratung/Marktforschung
contact-email-address=Kontakt-E-Mail-Adresse
contact-roles=Kontaktrollen
education=Ausbildung
energy=Energie
engineering=Ingenieurwesen
entity-id=Entitäts-ID
entity-name=Name der Entität
external-link=Externer Link
external-links=Externe Links
financial-services=Finanzdienstleistungen
food-services=Gastronomie
government-federal=Regierung (Bund)
government-state-local=Regierung (Land)
healthcare=Gesundheitswesen
hospitality-leisure=Gastgewerbe/Freizeit
manufacturing=Herstellung
media-entertainment=Medien/Unterhaltung
model.resource.com.liferay.osb.koroneiki.taproot.accounts=Konten
model.resource.com.liferay.osb.koroneiki.taproot.contact.roles=Kontaktrollen
model.resource.com.liferay.osb.koroneiki.taproot.contacts=Kontakte
model.resource.com.liferay.osb.koroneiki.taproot.model.Account=Konto
model.resource.com.liferay.osb.koroneiki.taproot.model.Contact=Kontakt
model.resource.com.liferay.osb.koroneiki.taproot.model.ContactRole=Kontaktrolle
model.resource.com.liferay.osb.koroneiki.taproot.model.Team=Team
model.resource.com.liferay.osb.koroneiki.taproot.model.TeamRole=Teamrolle
model.resource.com.liferay.osb.koroneiki.taproot.team.roles=Teamrollen
model.resource.com.liferay.osb.koroneiki.taproot.teams=Teams
new-account=Neues Konto
new-contact=Neuer Kontakt
new-team=Neues Team
no-accounts-were-found=Es wurden keine Konten gefunden.
no-child-accounts-were-found=Es wurden keine untergeordneten Konten gefunden.
no-contact-roles-were-found=Es wurden keine Kontaktrollen gefunden.
no-contacts-were-found=Es wurden keine Kontakte gefunden.
no-external-links-were-found=Es wurden keine externen Links gefunden.
no-team-roles-were-found=Es wurden keine Teamrollen gefunden.
no-teams-were-found=Es wurden keine Teams gefunden.
not-for-profit-ngo=Nicht gewinnorientiert/NGO
okta-id=Okta ID
parent-account=Übergeordnetes Konto
pending-validation=Ausstehende Überprüfung
pharmaceuticals=Pharmazeutika
please-enter-a-valid-domain=Bitte geben Sie eine gültige Domain ein.
please-enter-a-valid-entity-id=Bitte geben Sie eine gültige Entitäts-ID ein.
please-enter-a-valid-entity-name=Bitte geben Sie einen gültigen Entitäts-Namen ein.
please-enter-a-valid-type=Bitte geben Sie einen gültigen Typ ein.
please-select-an-account=Bitte wählen Sie ein Konto aus.
premier=Premier
professional-services-agency-business=Professionelle Dienstleistungen (Agentur/Business)
professional-services-technical-web-it=Professionelle Dienstleistungen (Technik/Web/IT)
profile-email-address=Profil-E-Mail-Adresse
regular=Regulär
remove-assignment=Zuweisung aufheben
remove-membership=Mitgliedschaft entfernen
retail-consumer-products=Einzelhandel/Konsumgüter
sold-by=Verkauft von
strategic=Strategisch
team-contact-roles=Team-Kontaktrollen
team-name=Team-Name
team-role-name=Name der Teamrolle
team-roles=Teamrollen
technology=Technologie
telecommunications=Telekommunikation
the-account-could-not-be-found=Das Konto konnte nicht gefunden werden.
the-contact-could-not-be-found=Der Kontakt konnte nicht gefunden werden.
the-contact-role-could-not-be-found=Die Kontaktrolle konnte nicht gefunden werden.
the-team-could-not-be-found=Das Team konnte nicht gefunden werden.
the-team-role-could-not-be-found=Die Teamrolle konnte nicht gefunden werden.
tier=Tier
transportation=Transport
utilities=Versorgungsunternehmen