account-contact-roles=Roles de contacto de cuenta
action.ADD_ACCOUNT=Añadir cuenta
action.ADD_CONTACT=Añadir contacto
action.ADD_CONTACT_ROLE=Añadir rol de contacto
action.ADD_TEAM=Añadir equipo
action.ADD_TEAM_ROLE=Añadir rol de equipo
action.ASSIGN_CONTACT=Asignar contacto
action.ASSIGN_TEAM=Asignar equipo
aerospace-and-defense=Aeroespacio y defensa
agriculture=Agricultura
are-you-sure-you-want-to-delete-this-account=¿Está seguro de que quiere eliminar esta cuenta?
are-you-sure-you-want-to-delete-this-contact-role=¿Está seguro de que quiere eliminar este rol de contacto?
are-you-sure-you-want-to-delete-this-external-link=¿Está seguro de que quiere eliminar este enlace externo?
are-you-sure-you-want-to-delete-this-team=¿Está seguro de que quiere eliminar este equipo?
are-you-sure-you-want-to-delete-this-team-role=¿Está seguro de que quiere eliminar este rol de equipo?
are-you-sure-you-want-to-remove-this-address=¿Está seguro de que quiere eliminar esta dirección?
are-you-sure-you-want-to-remove-this-contact=¿Está seguro de que quiere eliminar este contacto?
are-you-sure-you-want-to-remove-this-team=¿Está seguro de que quiere quitar este equipo?
assign-contact=Asignar contacto
assign-contact-roles=Asignar roles de contacto
assign-contact-roles-for-x=Asignar roles de contacto para {0}
assign-contact-to-this-account=Asignar un contacto a esta cuenta
assign-contact-to-this-team=Asignar contacto a este equipo
assign-team=Asignar equipo
assign-team-roles=Asignar roles de equipo
assign-team-roles-for-x=Asignar roles de equipo a {0}
assign-team-to-this-account=Asignar un equipo a esta cuenta
assigned-teams=Equipos asignados
automotive=Automoción
child-accounts=Cuentas secundarias
consulting-market-research=Consultoría/estudio de mercado
contact-email-address=Dirección de correo electrónico del contacto
contact-roles=Roles de contacto
education=Educación
energy=Energía
engineering=Ingeniería
entity-id=ID de entidad
entity-name=Nombre de la entidad
external-link=Enlace externo
external-links=Enlaces externos
financial-services=Servicios financieros
food-services=Servicios de alimentación
government-federal=Gobierno (federal)
government-state-local=Gobierno (estado/local)
healthcare=Salud
hospitality-leisure=Hostelería/ocio
manufacturing=Fabricación
media-entertainment=Multimedia/entretenimiento
model.resource.com.liferay.osb.koroneiki.taproot.accounts=Cuentas
model.resource.com.liferay.osb.koroneiki.taproot.contact.roles=Roles de contacto
model.resource.com.liferay.osb.koroneiki.taproot.contacts=Contactos
model.resource.com.liferay.osb.koroneiki.taproot.model.Account=Cuenta
model.resource.com.liferay.osb.koroneiki.taproot.model.Contact=Contacto
model.resource.com.liferay.osb.koroneiki.taproot.model.ContactRole=Rol de contacto
model.resource.com.liferay.osb.koroneiki.taproot.model.Team=Equipo
model.resource.com.liferay.osb.koroneiki.taproot.model.TeamRole=Rol de equipo
model.resource.com.liferay.osb.koroneiki.taproot.team.roles=Roles de equipo
model.resource.com.liferay.osb.koroneiki.taproot.teams=Equipos
new-account=Nueva cuenta
new-contact=Nuevo contacto
new-team=Nuevo equipo
no-accounts-were-found=No se encontraron cuentas.
no-child-accounts-were-found=No se encontraron cuentas secundarias.
no-contact-roles-were-found=No se encontraron roles de contacto.
no-contacts-were-found=No se encontraron contactos.
no-external-links-were-found=No se encontraron enlaces externos.
no-team-roles-were-found=No se encontraron roles de equipo.
no-teams-were-found=No se encontraron equipos.
not-for-profit-ngo=Sin ánimo de lucro/ONG
okta-id=Identificador de Okta
parent-account=Cuenta primaria
pending-validation=Validación pendiente
pharmaceuticals=Farmacéuticas
please-enter-a-valid-domain=Escriba un dominio válido.
please-enter-a-valid-entity-id=Escriba un identificador de entidad válido.
please-enter-a-valid-entity-name=Escriba un nombre de entidad válido.
please-enter-a-valid-type=Escriba un tipo válido.
please-select-an-account=Seleccione una cuenta.
premier=Premier
professional-services-agency-business=Servicios profesionales (agencia/empresa)
professional-services-technical-web-it=Servicios profesionales (técnico/web/TI)
profile-email-address=Dirección de correo electrónico del perfil
regular=Normal
remove-assignment=Quitar asignación
remove-membership=Quitar pertenencia
retail-consumer-products=Productos de consumo/venta minorista
sold-by=Vendido por
strategic=Estratégico
team-contact-roles=Roles de contacto de equipo
team-name=Nombre de equipo
team-role-name=Nombre de rol de equipo
team-roles=Roles de equipo
technology=Tecnología
telecommunications=Telecomunicaciones
the-account-could-not-be-found=No se encuentra la cuenta.
the-contact-could-not-be-found=No se encuentra el contacto.
the-contact-role-could-not-be-found=No se encuentra el rol de contacto.
the-team-could-not-be-found=No se encuentra el equipo.
the-team-role-could-not-be-found=No se encuentra el rol de equipo.
tier=Nivel
transportation=Transporte
utilities=Utilidades