account-contact-roles=Account Contact Roles
action.ADD_ACCOUNT=Add Account
action.ADD_CONTACT=Add Contact
action.ADD_CONTACT_ROLE=Add Contact Role
action.ADD_TEAM=Add Team
action.ADD_TEAM_ROLE=Add Team Role
action.ASSIGN_CONTACT=Assign Contact
action.ASSIGN_TEAM=Assign Team
aerospace-and-defense=Aerospace and Defense
agriculture=Agriculture
are-you-sure-you-want-to-delete-this-account=Are you sure you want to delete this account?
are-you-sure-you-want-to-delete-this-contact-role=Are you sure you want to delete this contact role?
are-you-sure-you-want-to-delete-this-external-link=Are you sure you want to delete this external link.
are-you-sure-you-want-to-delete-this-team=Are you sure you want to delete this team?
are-you-sure-you-want-to-delete-this-team-role=Are you sure you want to delete this team role?
are-you-sure-you-want-to-remove-this-address=Are you sure you want to remove this address?
are-you-sure-you-want-to-remove-this-contact=Are you sure you want to remove this contact?
are-you-sure-you-want-to-remove-this-team=Are you sure you want to remove this team?
assign-contact=Assign Contact
assign-contact-roles=Assign Contact Roles
assign-contact-roles-for-x=Assign Contact Roles for {0}
assign-contact-to-this-account=Assign Contact to This Account
assign-contact-to-this-team=Assign Contact to This Team
assign-team=Assign Team
assign-team-roles=Assign Team Roles
assign-team-roles-for-x=Assign Team Roles for {0}
assign-team-to-this-account=Assign Team to This Account
assigned-teams=Assigned Teams
automotive=Automotive
child-accounts=Child Accounts
consulting-market-research=Consulting/Market Research
contact-email-address=Contact Email Address
contact-roles=Contact Roles
education=Education
energy=Energy
engineering=Engineering
entity-id=Entity ID
entity-name=Entity Name
external-link=External Link
external-links=External Links
financial-services=Financial Services
food-services=Food Services
government-federal=Government (Federal)
government-state-local=Government (State/Local)
healthcare=Healthcare
hospitality-leisure=Hospitality/Leisure
manufacturing=Manufacturing
media-entertainment=Media/Entertainment
model.resource.com.liferay.osb.koroneiki.taproot.accounts=Accounts
model.resource.com.liferay.osb.koroneiki.taproot.contact.roles=Contact Roles
model.resource.com.liferay.osb.koroneiki.taproot.contacts=Contacts
model.resource.com.liferay.osb.koroneiki.taproot.model.Account=Account
model.resource.com.liferay.osb.koroneiki.taproot.model.Contact=Contact
model.resource.com.liferay.osb.koroneiki.taproot.model.ContactRole=Contact Role
model.resource.com.liferay.osb.koroneiki.taproot.model.Team=Team
model.resource.com.liferay.osb.koroneiki.taproot.model.TeamRole=Team Role
model.resource.com.liferay.osb.koroneiki.taproot.team.roles=Team Roles
model.resource.com.liferay.osb.koroneiki.taproot.teams=Teams
new-account=New Account
new-contact=New Contact
new-team=New Team
no-accounts-were-found=No accounts were found.
no-child-accounts-were-found=No child accounts were found.
no-contact-roles-were-found=No contact roles were found.
no-contacts-were-found=No contacts were found.
no-external-links-were-found=No external links were found.
no-team-roles-were-found=No team roles were found.
no-teams-were-found=No teams were found.
not-for-profit-ngo=Not for Profit/NGO
okta-id=Okta ID
parent-account=Parent Account
pending-validation=Pending Validation
pharmaceuticals=Pharmaceuticals
please-enter-a-valid-domain=Please enter a valid domain.
please-enter-a-valid-entity-id=Please enter a valid entity id.
please-enter-a-valid-entity-name=Please enter a valid entity name.
please-enter-a-valid-type=Please enter a valid type.
please-select-an-account=Please select an account.
premier=Premier
professional-services-agency-business=Professional Services (Agency/Business)
professional-services-technical-web-it=Professional Services (Technical/Web/IT)
profile-email-address=Profile Email Address
regular=Regular
remove-assignment=Remove Assignment
remove-membership=Remove Membership
retail-consumer-products=Retail/Consumer Products
sold-by=Sold By
strategic=Strategic
team-contact-roles=Team Contact Roles
team-name=Team Name
team-role-name=Team Role Name
team-roles=Team Roles
technology=Technology
telecommunications=Telecommunications
the-account-could-not-be-found=The account could not be found.
the-contact-could-not-be-found=The contact could not be found.
the-contact-role-could-not-be-found=The contact role could not be found.
the-team-could-not-be-found=The team could not be found.
the-team-role-could-not-be-found=The team role could not be found.
tier=Tier
transportation=Transportaion
utilities=Utilities