account-contact-roles=Rôles de contact de compte
action.ADD_ACCOUNT=Ajouter un compte
action.ADD_CONTACT=Ajouter un contact
action.ADD_CONTACT_ROLE=Ajouter un rôle de contact
action.ADD_TEAM=Ajouter une équipe
action.ADD_TEAM_ROLE=Ajouter un rôle d'équipe
action.ASSIGN_CONTACT=Affecter un contact
action.ASSIGN_TEAM=Affecter une équipe
aerospace-and-defense=Aérospatial et défense
agriculture=Agriculture
are-you-sure-you-want-to-delete-this-account=Voulez-vous vraiment supprimer ce compte ?
are-you-sure-you-want-to-delete-this-contact-role=Voulez-vous vraiment supprimer ce rôle de contact ?
are-you-sure-you-want-to-delete-this-external-link=Voulez-vous vraiment supprimer ce lien externe ?
are-you-sure-you-want-to-delete-this-team=Voulez-vous vraiment supprimer cette équipe ?
are-you-sure-you-want-to-delete-this-team-role=Voulez-vous vraiment supprimer ce rôle d'équipe ?
are-you-sure-you-want-to-remove-this-address=Voulez-vous vraiment supprimer cette adresse ?
are-you-sure-you-want-to-remove-this-contact=Voulez-vous vraiment supprimer ce contact ?
are-you-sure-you-want-to-remove-this-team=Voulez-vous vraiment supprimer cette équipe ?
assign-contact=Affecter le contact
assign-contact-roles=Affecter les rôles de contact
assign-contact-roles-for-x=Affecter les rôles de contact pour {0}
assign-contact-to-this-account=Affecter le contact à ce compte
assign-contact-to-this-team=Affecter le contact à cette équipe
assign-team=Affecter l'équipe
assign-team-roles=Affecter les rôles d'équipe
assign-team-roles-for-x=Affecter les rôles d'équipe pour {0}
assign-team-to-this-account=Affecter l'équipe à ce compte
assigned-teams=Équipes affectées
automotive=Automobile
child-accounts=Comptes enfants
consulting-market-research=Conseils/recherche de marché
contact-email-address=Adresse e-mail de contact
contact-roles=Rôles de contact
education=Éducation
energy=Énergie
engineering=Ingénierie
entity-id=ID de l'entité
entity-name=Nom de l'entité
external-link=Lien externe
external-links=Liens externes
financial-services=Services financiers
food-services=Services alimentaires
government-federal=Gouvernement (fédéral)
government-state-local=Gouvernement (état/localité)
healthcare=Santé
hospitality-leisure=Hospitalité/loisir
manufacturing=Industrie
media-entertainment=Médias/divertissement
model.resource.com.liferay.osb.koroneiki.taproot.accounts=Comptes
model.resource.com.liferay.osb.koroneiki.taproot.contact.roles=Rôles de contact
model.resource.com.liferay.osb.koroneiki.taproot.contacts=Contacts
model.resource.com.liferay.osb.koroneiki.taproot.model.Account=Compte
model.resource.com.liferay.osb.koroneiki.taproot.model.Contact=Contact
model.resource.com.liferay.osb.koroneiki.taproot.model.ContactRole=Rôle de contact
model.resource.com.liferay.osb.koroneiki.taproot.model.Team=Équipe
model.resource.com.liferay.osb.koroneiki.taproot.model.TeamRole=Rôle d'équipe
model.resource.com.liferay.osb.koroneiki.taproot.team.roles=Rôles d'équipe
model.resource.com.liferay.osb.koroneiki.taproot.teams=Équipe
new-account=Nouveau compte
new-contact=Nouveau contact
new-team=Nouvelle équipe
no-accounts-were-found=Aucun compte trouvé.
no-child-accounts-were-found=Aucun compte enfant trouvé.
no-contact-roles-were-found=Aucun rôle de contact trouvé.
no-contacts-were-found=Aucun contact trouvé.
no-external-links-were-found=Aucun lien externe trouvé.
no-team-roles-were-found=Aucun rôle d'équipe trouvé.
no-teams-were-found=Aucune équipe trouvée.
not-for-profit-ngo=ONG/Organisation à but non lucratif
okta-id=ID Okta
parent-account=Compte parent
pending-validation=Validation en attente
pharmaceuticals=Pharmaceutique
please-enter-a-valid-domain=Veuillez saisir un domaine valide.
please-enter-a-valid-entity-id=Veuillez saisir un ID d'entité valide.
please-enter-a-valid-entity-name=Veuillez saisir un nom d'entité valide.
please-enter-a-valid-type=Veuillez saisir un type valide.
please-select-an-account=Veuillez sélectionner un compte.
premier=Premier
professional-services-agency-business=Services professionnels (agence/entreprise)
professional-services-technical-web-it=Services professionnels (technique/internet/informatique)
profile-email-address=Adresse e-mail du profil
regular=Ordinaire
remove-assignment=Supprimer l'affectation
remove-membership=Supprimer l'adhésion
retail-consumer-products=Produits au détail/consommateur
sold-by=Vendeur :
strategic=Stratégique
team-contact-roles=Rôles de contact de l'équipe
team-name=Nom de l'équipe
team-role-name=Nom du rôle de l'équipe
team-roles=Rôles d'équipe
technology=Technologie
telecommunications=Télécommunications
the-account-could-not-be-found=Le compte est introuvable.
the-contact-could-not-be-found=Le contact est introuvable.
the-contact-role-could-not-be-found=Le rôle de contact est introuvable.
the-team-could-not-be-found=L'équipe est introuvable.
the-team-role-could-not-be-found=Le rôle d'équipe est introuvable.
tier=Niveau
transportation=Transport
utilities=Utilitaires